testcase,npernode,nprocs,total_runtime,avg_render_time
large_c1000000,1,4,1.807449966,1.537853
large_c1000000,2,8,1.086572798,0.772499
large_c1000000,3,12,,
